Housing ID ,Sex,Housing_School_ID,Address Country,"1. *On a typical weekday, what time do you expec",2. *Which description best reflects your expecta,3. *Which description best reflects your expecta,4. *Are you interested in living in an alcohol f,5a *Do you have a sibling who attends Yale-NUS?,6. *Please state your suite gender preference:
FY1,M,S124,Singapore,12AM to 2AM,A spontaneous social space; neither a study hall nor a regular site of activity.,"A small amount of mess is tolerable, but everyone should make the effort to clean up after themselves.",No,No (Proceed to Question 6),Male Only
FY2,M,S46,Singapore,10PM to 12AM,A spontaneous social space; neither a study hall nor a regular site of activity.,"A small amount of mess is tolerable, but everyone should make the effort to clean up after themselves.",No,No (Proceed to Question 6),No Preference
FY3,F,S84,Singapore,12AM to 2AM,"A calm environment where human traffic is limited during peak study hours, but more social and busy on weekends.","A small amount of mess is tolerable, but everyone should make the effort to clean up after themselves.",No,No (Proceed to Question 6),Female Only
FY4,F,S44,Singapore,10PM to 12AM,"A calm environment where human traffic is limited during peak study hours, but more social and busy on weekends.","A small amount of mess is tolerable, but everyone should make the effort to clean up after themselves.",No,No (Proceed to Question 6),No Preference
FY6,F,S74,Mongolia,12AM to 2AM,"A calm environment where human traffic is limited during peak study hours, but more social and busy on weekends.","A small amount of mess is tolerable, but everyone should make the effort to clean up after themselves.",No,No (Proceed to Question 6),No Preference
FY7,F,S77,Tunisia,Before 10 PM,"A calm environment where human traffic is limited during peak study hours, but more social and busy on weekends.","A small amount of mess is tolerable, but everyone should make the effort to clean up after themselves.",Yes,No (Proceed to Question 6),Female Only
FY8,F,S2,India,12AM to 2AM,"A calm environment where human traffic is limited during peak study hours, but more social and busy on weekends.","A small amount of mess is tolerable, but everyone should make the effort to clean up after themselves.",Yes,No (Proceed to Question 6),Female Only
FY10,M,S126,New Zealand,10PM to 12AM,A spontaneous social space; neither a study hall nor a regular site of activity.,"A small amount of mess is tolerable, but everyone should make the effort to clean up after themselves.",No,No (Proceed to Question 6),Male Only
FY12,F,S84,Singapore,12AM to 2AM,A spontaneous social space; neither a study hall nor a regular site of activity.,"Cleanliness is a top priority, and every member of the suite plays their part in sharing that responsibility.",No,No (Proceed to Question 6),Female Only
FY13,F,S78,Singapore,10PM to 12AM,"A calm environment where human traffic is limited during peak study hours, but more social and busy on weekends.","A small amount of mess is tolerable, but everyone should make the effort to clean up after themselves.",No,No (Proceed to Question 6),Female Only
FY14,F,S97,Singapore,10PM to 12AM,A spontaneous social space; neither a study hall nor a regular site of activity.,"Cleanliness is a top priority, and every member of the suite plays their part in sharing that responsibility.",No,No (Proceed to Question 6),Female Only
FY15,M,S84,Singapore,Before 10 PM,"A calm environment where human traffic is limited during peak study hours, but more social and busy on weekends.","A small amount of mess is tolerable, but everyone should make the effort to clean up after themselves.",No,No (Proceed to Question 6),Male Only
FY16,F,S84,Singapore,12AM to 2AM,A spontaneous social space; neither a study hall nor a regular site of activity.,"A small amount of mess is tolerable, but everyone should make the effort to clean up after themselves.",No,No (Proceed to Question 6),Female Only
FY17,M,S1,Romania,10PM to 12AM,"A calm environment where human traffic is limited during peak study hours, but more social and busy on weekends.","A small amount of mess is tolerable, but everyone should make the effort to clean up after themselves.",No,No (Proceed to Question 6),No Preference
FY18,F,S106,Singapore,12AM to 2AM,"A calm environment where human traffic is limited during peak study hours, but more social and busy on weekends.","A small amount of mess is tolerable, but everyone should make the effort to clean up after themselves.",Yes,No (Proceed to Question 6),Female Only
FY19,F,S103,Taiwan,10PM to 12AM,A spontaneous social space; neither a study hall nor a regular site of activity.,"A small amount of mess is tolerable, but everyone should make the effort to clean up after themselves.",No,No (Proceed to Question 6),Female Only
FY20,F,S109,Singapore,12AM to 2AM,"A vibrant, busy social hub where friends frequently visit; studying takes place outside the suite.","A small amount of mess is tolerable, but everyone should make the effort to clean up after themselves.",No,No (Proceed to Question 6),No Preference
FY21,M,S86,Uzbekistan,10PM to 12AM,"A calm environment where human traffic is limited during peak study hours, but more social and busy on weekends.","A small amount of mess is tolerable, but everyone should make the effort to clean up after themselves.",No,Yes,Male Only
FY22,F,S4,Kazakhstan,10PM to 12AM,"A calm environment where human traffic is limited during peak study hours, but more social and busy on weekends.","A small amount of mess is tolerable, but everyone should make the effort to clean up after themselves.",No,No (Proceed to Question 6),No Preference
FY23,F,S49,Saudi Arabia,12AM to 2AM,"A calm environment where human traffic is limited during peak study hours, but more social and busy on weekends.","I don't prioritize cleanliness, unless it is getting out of hand.",No,Yes,Female Only
FY25,M,S78,Singapore,10PM to 12AM,"A calm environment where human traffic is limited during peak study hours, but more social and busy on weekends.","A small amount of mess is tolerable, but everyone should make the effort to clean up after themselves.",No,No (Proceed to Question 6),No Preference
FY26,M,S35,Singapore,12AM to 2AM,A spontaneous social space; neither a study hall nor a regular site of activity.,"A small amount of mess is tolerable, but everyone should make the effort to clean up after themselves.",No,No (Proceed to Question 6),No Preference
FY28,F,S116,United States,Before 10 PM,"A calm environment where human traffic is limited during peak study hours, but more social and busy on weekends.","A small amount of mess is tolerable, but everyone should make the effort to clean up after themselves.",No,No (Proceed to Question 6),No Preference
FY29,F,S118,Singapore,10PM to 12AM,A spontaneous social space; neither a study hall nor a regular site of activity.,"Cleanliness is a top priority, and every member of the suite plays their part in sharing that responsibility.",Yes,No (Proceed to Question 6),Female Only
FY30,M,S66,Singapore,10PM to 12AM,"A calm environment where human traffic is limited during peak study hours, but more social and busy on weekends.","A small amount of mess is tolerable, but everyone should make the effort to clean up after themselves.",No,No (Proceed to Question 6),Male Only
FY31,F,S70,Singapore,Before 10 PM,"A calm environment where human traffic is limited during peak study hours, but more social and busy on weekends.","Cleanliness is a top priority, and every member of the suite plays their part in sharing that responsibility.",Yes,No (Proceed to Question 6),Female Only
FY32,F,S92,China,10PM to 12AM,"A calm environment where human traffic is limited during peak study hours, but more social and busy on weekends.","A small amount of mess is tolerable, but everyone should make the effort to clean up after themselves.",Yes,No (Proceed to Question 6),Female Only
FY33,M,S21,Singapore,12AM to 2AM,A spontaneous social space; neither a study hall nor a regular site of activity.,"A small amount of mess is tolerable, but everyone should make the effort to clean up after themselves.",No,No (Proceed to Question 6),Male Only
FY34,F,S45,Philippines,12AM to 2AM,"A calm environment where human traffic is limited during peak study hours, but more social and busy on weekends.","A small amount of mess is tolerable, but everyone should make the effort to clean up after themselves.",Yes,No (Proceed to Question 6),Female Only
FY35,F,S44,Singapore,10PM to 12AM,A spontaneous social space; neither a study hall nor a regular site of activity.,"A small amount of mess is tolerable, but everyone should make the effort to clean up after themselves.",Yes,No (Proceed to Question 6),Female Only
FY36,F,S104,Taiwan,Before 10 PM,"A calm environment where human traffic is limited during peak study hours, but more social and busy on weekends.","A small amount of mess is tolerable, but everyone should make the effort to clean up after themselves.",Yes,No (Proceed to Question 6),Female Only
FY37,M,S9,Singapore,10PM to 12AM,"A quiet zone used primarily for studying, resting, and sleeping.","Cleanliness is a top priority, and every member of the suite plays their part in sharing that responsibility.",No,No (Proceed to Question 6),Male Only
FY38,F,S10,Singapore,12AM to 2AM,"A calm environment where human traffic is limited during peak study hours, but more social and busy on weekends.","Cleanliness is a top priority, and every member of the suite plays their part in sharing that responsibility.",No,No (Proceed to Question 6),Female Only
FY39,M,S10,Singapore,10PM to 12AM,A spontaneous social space; neither a study hall nor a regular site of activity.,"A small amount of mess is tolerable, but everyone should make the effort to clean up after themselves.",No,No (Proceed to Question 6),Male Only
FY42,M,S9,Singapore,12AM to 2AM,"A calm environment where human traffic is limited during peak study hours, but more social and busy on weekends.","A small amount of mess is tolerable, but everyone should make the effort to clean up after themselves.",No,No (Proceed to Question 6),No Preference
FY44,F,S35,Singapore,10PM to 12AM,A spontaneous social space; neither a study hall nor a regular site of activity.,"I don't prioritize cleanliness, unless it is getting out of hand.",Yes,No (Proceed to Question 6),Female Only
FY45,FEMALE,S78,Singapore,10PM to 12AM,"A calm environment where human traffic is limited during peak study hours, but more social and busy on weekends.","A small amount of mess is tolerable, but everyone should make the effort to clean up after themselves.",No,No (Proceed to Question 6),Female Only
FY46,F,S10,Singapore,10PM to 12AM,"A calm environment where human traffic is limited during peak study hours, but more social and busy on weekends.","Cleanliness is a top priority, and every member of the suite plays their part in sharing that responsibility.",Yes,No (Proceed to Question 6),Female Only
FY47,F,S7,Guatemala,10PM to 12AM,"A calm environment where human traffic is limited during peak study hours, but more social and busy on weekends.","A small amount of mess is tolerable, but everyone should make the effort to clean up after themselves.",No,No (Proceed to Question 6),Female Only
FY48,F,S128,Singapore,12AM to 2AM,"A calm environment where human traffic is limited during peak study hours, but more social and busy on weekends.","A small amount of mess is tolerable, but everyone should make the effort to clean up after themselves.",No,No (Proceed to Question 6),Female Only
FY49,F,S91,China,10PM to 12AM,"A quiet zone used primarily for studying, resting, and sleeping.","A small amount of mess is tolerable, but everyone should make the effort to clean up after themselves.",Yes,No (Proceed to Question 6),Female Only
FY50,M,S6,Singapore,10PM to 12AM,"A calm environment where human traffic is limited during peak study hours, but more social and busy on weekends.","Cleanliness is a top priority, and every member of the suite plays their part in sharing that responsibility.",No,No (Proceed to Question 6),Male Only
FY52,F,S70,Singapore,12AM to 2AM,A spontaneous social space; neither a study hall nor a regular site of activity.,"Cleanliness is a top priority, and every member of the suite plays their part in sharing that responsibility.",No,No (Proceed to Question 6),Female Only
FY53,M,S124,Singapore,Before 10 PM,"A quiet zone used primarily for studying, resting, and sleeping.","A small amount of mess is tolerable, but everyone should make the effort to clean up after themselves.",Yes,No (Proceed to Question 6),No Preference
FY54,M,S94,Singapore,10PM to 12AM,"A calm environment where human traffic is limited during peak study hours, but more social and busy on weekends.","A small amount of mess is tolerable, but everyone should make the effort to clean up after themselves.",Yes,No (Proceed to Question 6),No Preference
FY55,F,S98,Indonesia,10PM to 12AM,"A calm environment where human traffic is limited during peak study hours, but more social and busy on weekends.","Cleanliness is a top priority, and every member of the suite plays their part in sharing that responsibility.",Yes,No (Proceed to Question 6),No Preference
FY56,F,S52,Jordan,10PM to 12AM,"A calm environment where human traffic is limited during peak study hours, but more social and busy on weekends.","Cleanliness is a top priority, and every member of the suite plays their part in sharing that responsibility.",Yes,No (Proceed to Question 6),Female Only
FY57,M,S82,Singapore,10PM to 12AM,A spontaneous social space; neither a study hall nor a regular site of activity.,"Cleanliness is a top priority, and every member of the suite plays their part in sharing that responsibility.",No,No (Proceed to Question 6),No Preference
FY58,M,S10,Singapore,Before 10 PM,"A calm environment where human traffic is limited during peak study hours, but more social and busy on weekends.","A small amount of mess is tolerable, but everyone should make the effort to clean up after themselves.",No,No (Proceed to Question 6),No Preference
FY60,M,S102,Malaysia,Before 10 PM,"A quiet zone used primarily for studying, resting, and sleeping.","Cleanliness is a top priority, and every member of the suite plays their part in sharing that responsibility.",Yes,No (Proceed to Question 6),Male Only
FY61,F,S83,Dominican Republic,10PM to 12AM,A spontaneous social space; neither a study hall nor a regular site of activity.,"A small amount of mess is tolerable, but everyone should make the effort to clean up after themselves.",No,No (Proceed to Question 6),Female Only
FY62,M,S124,Singapore,12AM to 2AM,A spontaneous social space; neither a study hall nor a regular site of activity.,"I don't prioritize cleanliness, unless it is getting out of hand.",No,No (Proceed to Question 6),Male Only
FY63,F,S35,Singapore,Before 10 PM,A spontaneous social space; neither a study hall nor a regular site of activity.,"A small amount of mess is tolerable, but everyone should make the effort to clean up after themselves.",Yes,No (Proceed to Question 6),Female Only
FY65,M,S68,Singapore,10PM to 12AM,"A calm environment where human traffic is limited during peak study hours, but more social and busy on weekends.","A small amount of mess is tolerable, but everyone should make the effort to clean up after themselves.",No,No (Proceed to Question 6),No Preference
FY66,F,S110,Singapore,10PM to 12AM,A spontaneous social space; neither a study hall nor a regular site of activity.,"A small amount of mess is tolerable, but everyone should make the effort to clean up after themselves.",No,No (Proceed to Question 6),Female Only
FY67,M,S127,Philippines,10PM to 12AM,"A calm environment where human traffic is limited during peak study hours, but more social and busy on weekends.","A small amount of mess is tolerable, but everyone should make the effort to clean up after themselves.",No,No (Proceed to Question 6),No Preference
FY69,F,S26,Colombia,10PM to 12AM,A spontaneous social space; neither a study hall nor a regular site of activity.,"A small amount of mess is tolerable, but everyone should make the effort to clean up after themselves.",No,No (Proceed to Question 6),Female Only
FY70,M,S51,Lithuania,10PM to 12AM,"A calm environment where human traffic is limited during peak study hours, but more social and busy on weekends.","Cleanliness is a top priority, and every member of the suite plays their part in sharing that responsibility.",No,No (Proceed to Question 6),No Preference
FY71,M,S42,South Korea,12AM to 2AM,"A calm environment where human traffic is limited during peak study hours, but more social and busy on weekends.","A small amount of mess is tolerable, but everyone should make the effort to clean up after themselves.",Yes,No (Proceed to Question 6),Male Only
FY73,F,S89,Japan,10PM to 12AM,"A vibrant, busy social hub where friends frequently visit; studying takes place outside the suite.","A small amount of mess is tolerable, but everyone should make the effort to clean up after themselves.",No,No (Proceed to Question 6),Female Only
FY74,F,S70,Singapore,12AM to 2AM,"A vibrant, busy social hub where friends frequently visit; studying takes place outside the suite.","A small amount of mess is tolerable, but everyone should make the effort to clean up after themselves.",No,No (Proceed to Question 6),Female Only
FY75,M,S16,Myanmar,10PM to 12AM,"A calm environment where human traffic is limited during peak study hours, but more social and busy on weekends.","A small amount of mess is tolerable, but everyone should make the effort to clean up after themselves.",Yes,No (Proceed to Question 6),No Preference
FY76,F,S94,Singapore,12AM to 2AM,"A calm environment where human traffic is limited during peak study hours, but more social and busy on weekends.","Cleanliness is a top priority, and every member of the suite plays their part in sharing that responsibility.",No,No (Proceed to Question 6),Female Only
FY77,F,S5,United Arab Emirates,Before 10 PM,"A calm environment where human traffic is limited during peak study hours, but more social and busy on weekends.","A small amount of mess is tolerable, but everyone should make the effort to clean up after themselves.",No,No (Proceed to Question 6),No Preference
FY79,M,S33,India,12AM to 2AM,"A quiet zone used primarily for studying, resting, and sleeping.","A small amount of mess is tolerable, but everyone should make the effort to clean up after themselves.",No,No (Proceed to Question 6),No Preference
FY80,M,S24,China,10PM to 12AM,A spontaneous social space; neither a study hall nor a regular site of activity.,"Cleanliness is a top priority, and every member of the suite plays their part in sharing that responsibility.",No,No (Proceed to Question 6),Male Only
FY81,M,S44,Singapore,12AM to 2AM,A spontaneous social space; neither a study hall nor a regular site of activity.,"A small amount of mess is tolerable, but everyone should make the effort to clean up after themselves.",No,No (Proceed to Question 6),No Preference
FY82,M,S44,Singapore,12AM to 2AM,"A calm environment where human traffic is limited during peak study hours, but more social and busy on weekends.","A small amount of mess is tolerable, but everyone should make the effort to clean up after themselves.",No,No (Proceed to Question 6),No Preference
FY83,F,S22,Singapore,10PM to 12AM,"A calm environment where human traffic is limited during peak study hours, but more social and busy on weekends.","Cleanliness is a top priority, and every member of the suite plays their part in sharing that responsibility.",No,No (Proceed to Question 6),Female Only
FY84,M,S53,South Korea,10PM to 12AM,"A calm environment where human traffic is limited during peak study hours, but more social and busy on weekends.","A small amount of mess is tolerable, but everyone should make the effort to clean up after themselves.",Yes,No (Proceed to Question 6),Male Only
FY85,M,S78,Singapore,12AM to 2AM,"A calm environment where human traffic is limited during peak study hours, but more social and busy on weekends.","A small amount of mess is tolerable, but everyone should make the effort to clean up after themselves.",No,No (Proceed to Question 6),No Preference
FY86,M,S29,Singapore,10PM to 12AM,"A calm environment where human traffic is limited during peak study hours, but more social and busy on weekends.","Cleanliness is a top priority, and every member of the suite plays their part in sharing that responsibility.",No,No (Proceed to Question 6),No Preference
FY88,M,S10,Singapore,Before 10 PM,"A calm environment where human traffic is limited during peak study hours, but more social and busy on weekends.","A small amount of mess is tolerable, but everyone should make the effort to clean up after themselves.",No,No (Proceed to Question 6),No Preference
FY89,M,S124,Singapore,10PM to 12AM,A spontaneous social space; neither a study hall nor a regular site of activity.,"A small amount of mess is tolerable, but everyone should make the effort to clean up after themselves.",Yes,No (Proceed to Question 6),No Preference
FY90,F,S125,New Zealand,10PM to 12AM,"A calm environment where human traffic is limited during peak study hours, but more social and busy on weekends.","A small amount of mess is tolerable, but everyone should make the effort to clean up after themselves.",No,No (Proceed to Question 6),No Preference
FY91,F,S75,Singapore,10PM to 12AM,A spontaneous social space; neither a study hall nor a regular site of activity.,"Cleanliness is a top priority, and every member of the suite plays their part in sharing that responsibility.",No,No (Proceed to Question 6),Female Only
FY92,F,S10,Singapore,10PM to 12AM,"A calm environment where human traffic is limited during peak study hours, but more social and busy on weekends.","Cleanliness is a top priority, and every member of the suite plays their part in sharing that responsibility.",No,No (Proceed to Question 6),No Preference
FY94,M,S113,Pakistan,12AM to 2AM,A spontaneous social space; neither a study hall nor a regular site of activity.,"A small amount of mess is tolerable, but everyone should make the effort to clean up after themselves.",Yes,No (Proceed to Question 6),No Preference
FY95,M,S44,Singapore,10PM to 12AM,"A calm environment where human traffic is limited during peak study hours, but more social and busy on weekends.","Cleanliness is a top priority, and every member of the suite plays their part in sharing that responsibility.",No,No (Proceed to Question 6),No Preference
FY96,F,S78,Singapore,10PM to 12AM,A spontaneous social space; neither a study hall nor a regular site of activity.,"A small amount of mess is tolerable, but everyone should make the effort to clean up after themselves.",No,No (Proceed to Question 6),Female Only
FY97,M,S68,Singapore,10PM to 12AM,"A calm environment where human traffic is limited during peak study hours, but more social and busy on weekends.","Cleanliness is a top priority, and every member of the suite plays their part in sharing that responsibility.",No,No (Proceed to Question 6),Male Only
FY98,M,S44,Singapore,10PM to 12AM,"A calm environment where human traffic is limited during peak study hours, but more social and busy on weekends.","A small amount of mess is tolerable, but everyone should make the effort to clean up after themselves.",No,No (Proceed to Question 6),No Preference
FY99,F,S84,Singapore,12AM to 2AM,"A vibrant, busy social hub where friends frequently visit; studying takes place outside the suite.","A small amount of mess is tolerable, but everyone should make the effort to clean up after themselves.",No,No (Proceed to Question 6),No Preference
FY100,F,S30,Malaysia,Before 10 PM,"A quiet zone used primarily for studying, resting, and sleeping.","A small amount of mess is tolerable, but everyone should make the effort to clean up after themselves.",Yes,No (Proceed to Question 6),Female Only
FY101,F,S44,Singapore,12AM to 2AM,"A calm environment where human traffic is limited during peak study hours, but more social and busy on weekends.","A small amount of mess is tolerable, but everyone should make the effort to clean up after themselves.",No,No (Proceed to Question 6),Female Only
FY102,F,S6,Singapore,10PM to 12AM,"A quiet zone used primarily for studying, resting, and sleeping.","Cleanliness is a top priority, and every member of the suite plays their part in sharing that responsibility.",No,No (Proceed to Question 6),Female Only
FY104,F,S96,Indonesia,12AM to 2AM,"A vibrant, busy social hub where friends frequently visit; studying takes place outside the suite.","A small amount of mess is tolerable, but everyone should make the effort to clean up after themselves.",No,No (Proceed to Question 6),Female Only
FY105,M,S58,Vietnam,10PM to 12AM,"A calm environment where human traffic is limited during peak study hours, but more social and busy on weekends.","A small amount of mess is tolerable, but everyone should make the effort to clean up after themselves.",No,No (Proceed to Question 6),No Preference
FY107,M,S78,Singapore,10PM to 12AM,A spontaneous social space; neither a study hall nor a regular site of activity.,"A small amount of mess is tolerable, but everyone should make the effort to clean up after themselves.",No,No (Proceed to Question 6),No Preference
FY108,F,S37,Singapore,10PM to 12AM,"A calm environment where human traffic is limited during peak study hours, but more social and busy on weekends.","Cleanliness is a top priority, and every member of the suite plays their part in sharing that responsibility.",No,No (Proceed to Question 6),Female Only
FY110,F,S84,Singapore,10PM to 12AM,A spontaneous social space; neither a study hall nor a regular site of activity.,"A small amount of mess is tolerable, but everyone should make the effort to clean up after themselves.",No,Yes,Female Only
FY112,Female,S44,Singapore,Before 10 PM,"A quiet zone used primarily for studying, resting, and sleeping.","Cleanliness is a top priority, and every member of the suite plays their part in sharing that responsibility.",Yes,No (Proceed to Question 6),Female Only
FY113,F,S84,Singapore,10PM to 12AM,"A calm environment where human traffic is limited during peak study hours, but more social and busy on weekends.","Cleanliness is a top priority, and every member of the suite plays their part in sharing that responsibility.",No,No (Proceed to Question 6),Female Only
FY115,M,S78,Singapore,12AM to 2AM,"A calm environment where human traffic is limited during peak study hours, but more social and busy on weekends.","Cleanliness is a top priority, and every member of the suite plays their part in sharing that responsibility.",No,No (Proceed to Question 6),No Preference
FY116,F,S37,Singapore,10PM to 12AM,"A calm environment where human traffic is limited during peak study hours, but more social and busy on weekends.","Cleanliness is a top priority, and every member of the suite plays their part in sharing that responsibility.",Yes,No (Proceed to Question 6),Female Only
FY117,F,S109,Singapore,12AM to 2AM,"A vibrant, busy social hub where friends frequently visit; studying takes place outside the suite.","A small amount of mess is tolerable, but everyone should make the effort to clean up after themselves.",No,No (Proceed to Question 6),Female Only
FY118,M,S35,Singapore,12AM to 2AM,A spontaneous social space; neither a study hall nor a regular site of activity.,"A small amount of mess is tolerable, but everyone should make the effort to clean up after themselves.",No,No (Proceed to Question 6),No Preference
FY119,M,S78,Singapore,10PM to 12AM,A spontaneous social space; neither a study hall nor a regular site of activity.,"A small amount of mess is tolerable, but everyone should make the effort to clean up after themselves.",No,No (Proceed to Question 6),No Preference
FY120,Male,S10,Singapore,12AM to 2AM,A spontaneous social space; neither a study hall nor a regular site of activity.,"Cleanliness is a top priority, and every member of the suite plays their part in sharing that responsibility.",No,No (Proceed to Question 6),No Preference
FY121,M,S78,Singapore,10PM to 12AM,A spontaneous social space; neither a study hall nor a regular site of activity.,"A small amount of mess is tolerable, but everyone should make the effort to clean up after themselves.",No,No (Proceed to Question 6),No Preference
FY123,M,S10,Singapore,12AM to 2AM,"A calm environment where human traffic is limited during peak study hours, but more social and busy on weekends.","A small amount of mess is tolerable, but everyone should make the effort to clean up after themselves.",No,No (Proceed to Question 6),No Preference
FY124,F,S94,Malaysia,10PM to 12AM,"A calm environment where human traffic is limited during peak study hours, but more social and busy on weekends.","Cleanliness is a top priority, and every member of the suite plays their part in sharing that responsibility.",No,Yes,No Preference
FY125,F,S38,Hong Kong S.A.R.,10PM to 12AM,A spontaneous social space; neither a study hall nor a regular site of activity.,"A small amount of mess is tolerable, but everyone should make the effort to clean up after themselves.",Yes,No (Proceed to Question 6),No Preference
FY126,M,S15,New Zealand,10PM to 12AM,A spontaneous social space; neither a study hall nor a regular site of activity.,"A small amount of mess is tolerable, but everyone should make the effort to clean up after themselves.",No,No (Proceed to Question 6),Male Only
FY127,F,S39,Sri Lanka,12AM to 2AM,A spontaneous social space; neither a study hall nor a regular site of activity.,"A small amount of mess is tolerable, but everyone should make the effort to clean up after themselves.",No,No (Proceed to Question 6),No Preference
FY128,F,S84,Singapore,12AM to 2AM,A spontaneous social space; neither a study hall nor a regular site of activity.,"A small amount of mess is tolerable, but everyone should make the effort to clean up after themselves.",No,No (Proceed to Question 6),Female Only
FY129,M,S85,United Kingdom,12AM to 2AM,A spontaneous social space; neither a study hall nor a regular site of activity.,"A small amount of mess is tolerable, but everyone should make the effort to clean up after themselves.",No,No (Proceed to Question 6),Male Only
FY130,M,S65,Indonesia,10PM to 12AM,"A calm environment where human traffic is limited during peak study hours, but more social and busy on weekends.","A small amount of mess is tolerable, but everyone should make the effort to clean up after themselves.",No,No (Proceed to Question 6),No Preference
FY131,F,S40,Italy,10PM to 12AM,A spontaneous social space; neither a study hall nor a regular site of activity.,"Cleanliness is a top priority, and every member of the suite plays their part in sharing that responsibility.",No,No (Proceed to Question 6),Female Only
FY132,F,S31,Philippines,10PM to 12AM,"A calm environment where human traffic is limited during peak study hours, but more social and busy on weekends.","A small amount of mess is tolerable, but everyone should make the effort to clean up after themselves.",No,No (Proceed to Question 6),Female Only
FY133,M,S17,Canada,10PM to 12AM,A spontaneous social space; neither a study hall nor a regular site of activity.,"A small amount of mess is tolerable, but everyone should make the effort to clean up after themselves.",Yes,No (Proceed to Question 6),No Preference
FY134,M,S27,Brazil,10PM to 12AM,"A calm environment where human traffic is limited during peak study hours, but more social and busy on weekends.","A small amount of mess is tolerable, but everyone should make the effort to clean up after themselves.",No,No (Proceed to Question 6),No Preference
FY136,F,S63,Malaysia,Before 10 PM,"A calm environment where human traffic is limited during peak study hours, but more social and busy on weekends.","A small amount of mess is tolerable, but everyone should make the effort to clean up after themselves.",No,No (Proceed to Question 6),Female Only
FY137,F,S111,Japan,10PM to 12AM,A spontaneous social space; neither a study hall nor a regular site of activity.,"A small amount of mess is tolerable, but everyone should make the effort to clean up after themselves.",No,Yes,No Preference
FY138,F,S78,Singapore,10PM to 12AM,A spontaneous social space; neither a study hall nor a regular site of activity.,"Cleanliness is a top priority, and every member of the suite plays their part in sharing that responsibility.",No,No (Proceed to Question 6),Female Only
FY139,F,S115,Pakistan,10PM to 12AM,A spontaneous social space; neither a study hall nor a regular site of activity.,"A small amount of mess is tolerable, but everyone should make the effort to clean up after themselves.",No,No (Proceed to Question 6),No Preference
FY140,M,S14,New Zealand,12AM to 2AM,A spontaneous social space; neither a study hall nor a regular site of activity.,"I don't prioritize cleanliness, unless it is getting out of hand.",No,No (Proceed to Question 6),No Preference
FY142,M,S19,Singapore,After 2AM,"A calm environment where human traffic is limited during peak study hours, but more social and busy on weekends.","A small amount of mess is tolerable, but everyone should make the effort to clean up after themselves.",No,No (Proceed to Question 6),No Preference
FY143,F,S3,South Africa,Before 10 PM,"A calm environment where human traffic is limited during peak study hours, but more social and busy on weekends.","Cleanliness is a top priority, and every member of the suite plays their part in sharing that responsibility.",Yes,No (Proceed to Question 6),No Preference
FY144,M,S78,Singapore,10PM to 12AM,"A calm environment where human traffic is limited during peak study hours, but more social and busy on weekends.","A small amount of mess is tolerable, but everyone should make the effort to clean up after themselves.",No,No (Proceed to Question 6),No Preference
FY145,M,S107,Uzbekistan,10PM to 12AM,"A quiet zone used primarily for studying, resting, and sleeping.","A small amount of mess is tolerable, but everyone should make the effort to clean up after themselves.",Yes,No (Proceed to Question 6),No Preference
FY146,F,S81,Pakistan,After 2AM,A spontaneous social space; neither a study hall nor a regular site of activity.,"A small amount of mess is tolerable, but everyone should make the effort to clean up after themselves.",Yes,No (Proceed to Question 6),Female Only
FY147,F,S87,Bangladesh,Before 10 PM,"A quiet zone used primarily for studying, resting, and sleeping.","A small amount of mess is tolerable, but everyone should make the effort to clean up after themselves.",Yes,No (Proceed to Question 6),Female Only
FY148,F,S78,Singapore,10PM to 12AM,"A calm environment where human traffic is limited during peak study hours, but more social and busy on weekends.","A small amount of mess is tolerable, but everyone should make the effort to clean up after themselves.",No,No (Proceed to Question 6),Female Only
FY149,F,S84,Singapore,12AM to 2AM,A spontaneous social space; neither a study hall nor a regular site of activity.,"A small amount of mess is tolerable, but everyone should make the effort to clean up after themselves.",No,No (Proceed to Question 6),Female Only
FY150,F,S36,Indonesia,12AM to 2AM,"A vibrant, busy social hub where friends frequently visit; studying takes place outside the suite.","A small amount of mess is tolerable, but everyone should make the effort to clean up after themselves.",No,No (Proceed to Question 6),Female Only
FY151,Male,S62,Singapore,10PM to 12AM,"A quiet zone used primarily for studying, resting, and sleeping.","Cleanliness is a top priority, and every member of the suite plays their part in sharing that responsibility.",No,No (Proceed to Question 6),No Preference
FY152,F,S119,Myanmar,Before 10 PM,"A quiet zone used primarily for studying, resting, and sleeping.","A small amount of mess is tolerable, but everyone should make the effort to clean up after themselves.",No,No (Proceed to Question 6),Female Only
FY153,M,S50,Singapore,12AM to 2AM,A spontaneous social space; neither a study hall nor a regular site of activity.,"A small amount of mess is tolerable, but everyone should make the effort to clean up after themselves.",No,No (Proceed to Question 6),No Preference
FY154,F,S72,Singapore,Before 10 PM,"A calm environment where human traffic is limited during peak study hours, but more social and busy on weekends.","Cleanliness is a top priority, and every member of the suite plays their part in sharing that responsibility.",Yes,No (Proceed to Question 6),Female Only
FY155,Male,S18,India,12AM to 2AM,A spontaneous social space; neither a study hall nor a regular site of activity.,"A small amount of mess is tolerable, but everyone should make the effort to clean up after themselves.",No,No (Proceed to Question 6),Male Only
FY156,M,S97,Singapore,10PM to 12AM,"A calm environment where human traffic is limited during peak study hours, but more social and busy on weekends.","A small amount of mess is tolerable, but everyone should make the effort to clean up after themselves.",No,No (Proceed to Question 6),No Preference
FY157,M,S44,Singapore,10PM to 12AM,A spontaneous social space; neither a study hall nor a regular site of activity.,"A small amount of mess is tolerable, but everyone should make the effort to clean up after themselves.",No,No (Proceed to Question 6),Male Only
FY158,M,S9,Singapore,12AM to 2AM,A spontaneous social space; neither a study hall nor a regular site of activity.,"A small amount of mess is tolerable, but everyone should make the effort to clean up after themselves.",No,No (Proceed to Question 6),No Preference
FY159,Male,S71,Bangladesh,12AM to 2AM,"A calm environment where human traffic is limited during peak study hours, but more social and busy on weekends.","A small amount of mess is tolerable, but everyone should make the effort to clean up after themselves.",Yes,No (Proceed to Question 6),Male Only
FY160,F,S56,Poland,10PM to 12AM,"A calm environment where human traffic is limited during peak study hours, but more social and busy on weekends.","Cleanliness is a top priority, and every member of the suite plays their part in sharing that responsibility.",No,No (Proceed to Question 6),Female Only
FY161,F,S44,Singapore,12AM to 2AM,"A calm environment where human traffic is limited during peak study hours, but more social and busy on weekends.","A small amount of mess is tolerable, but everyone should make the effort to clean up after themselves.",No,No (Proceed to Question 6),Female Only
FY162,F,S12,Sri Lanka,10PM to 12AM,"A calm environment where human traffic is limited during peak study hours, but more social and busy on weekends.","A small amount of mess is tolerable, but everyone should make the effort to clean up after themselves.",No,No (Proceed to Question 6),Female Only
FY163,F,S8,Singapore,10PM to 12AM,A spontaneous social space; neither a study hall nor a regular site of activity.,"A small amount of mess is tolerable, but everyone should make the effort to clean up after themselves.",Yes,No (Proceed to Question 6),Female Only
FY164,M,S70,Singapore,Before 10 PM,"A calm environment where human traffic is limited during peak study hours, but more social and busy on weekends.","A small amount of mess is tolerable, but everyone should make the effort to clean up after themselves.",No,No (Proceed to Question 6),No Preference
FY165,M,S44,Singapore,10PM to 12AM,A spontaneous social space; neither a study hall nor a regular site of activity.,"A small amount of mess is tolerable, but everyone should make the effort to clean up after themselves.",No,No (Proceed to Question 6),No Preference
FY166,F,S67,United States,10PM to 12AM,A spontaneous social space; neither a study hall nor a regular site of activity.,"A small amount of mess is tolerable, but everyone should make the effort to clean up after themselves.",No,No (Proceed to Question 6),No Preference
FY168,M,S11,Belgium,10PM to 12AM,"A calm environment where human traffic is limited during peak study hours, but more social and busy on weekends.","A small amount of mess is tolerable, but everyone should make the effort to clean up after themselves.",No,No (Proceed to Question 6),Male Only
FY169,F,S41,China,10PM to 12AM,"A quiet zone used primarily for studying, resting, and sleeping.","A small amount of mess is tolerable, but everyone should make the effort to clean up after themselves.",Yes,No (Proceed to Question 6),Female Only
FY170,F,S95,Singapore,10PM to 12AM,A spontaneous social space; neither a study hall nor a regular site of activity.,"Cleanliness is a top priority, and every member of the suite plays their part in sharing that responsibility.",No,No (Proceed to Question 6),No Preference
FY171,F,S54,Japan,12AM to 2AM,A spontaneous social space; neither a study hall nor a regular site of activity.,"Cleanliness is a top priority, and every member of the suite plays their part in sharing that responsibility.",No,No (Proceed to Question 6),Female Only
FY172,F,S94,Singapore,10PM to 12AM,"A calm environment where human traffic is limited during peak study hours, but more social and busy on weekends.","A small amount of mess is tolerable, but everyone should make the effort to clean up after themselves.",No,No (Proceed to Question 6),Female Only
FY173,F,S76,Philippines,10PM to 12AM,"A calm environment where human traffic is limited during peak study hours, but more social and busy on weekends.","Cleanliness is a top priority, and every member of the suite plays their part in sharing that responsibility.",No,No (Proceed to Question 6),Female Only
FY174,F,S122,Japan,Before 10 PM,A spontaneous social space; neither a study hall nor a regular site of activity.,"A small amount of mess is tolerable, but everyone should make the effort to clean up after themselves.",No,Yes,Female Only
FY175,M,S94,Singapore,10PM to 12AM,"A calm environment where human traffic is limited during peak study hours, but more social and busy on weekends.","A small amount of mess is tolerable, but everyone should make the effort to clean up after themselves.",No,No (Proceed to Question 6),Male Only
FY177,M,S121,Canada,10PM to 12AM,"A calm environment where human traffic is limited during peak study hours, but more social and busy on weekends.","A small amount of mess is tolerable, but everyone should make the effort to clean up after themselves.",No,No (Proceed to Question 6),Male Only
FY178,F,S20,Singapore,10PM to 12AM,"A calm environment where human traffic is limited during peak study hours, but more social and busy on weekends.","A small amount of mess is tolerable, but everyone should make the effort to clean up after themselves.",No,No (Proceed to Question 6),Female Only
FY179,M,S64,Taiwan,10PM to 12AM,"A calm environment where human traffic is limited during peak study hours, but more social and busy on weekends.","A small amount of mess is tolerable, but everyone should make the effort to clean up after themselves.",Yes,No (Proceed to Question 6),Male Only
FY180,M,S10,Singapore,10PM to 12AM,A spontaneous social space; neither a study hall nor a regular site of activity.,"A small amount of mess is tolerable, but everyone should make the effort to clean up after themselves.",No,No (Proceed to Question 6),Male Only
FY181,F,S70,Singapore,10PM to 12AM,A spontaneous social space; neither a study hall nor a regular site of activity.,"Cleanliness is a top priority, and every member of the suite plays their part in sharing that responsibility.",No,No (Proceed to Question 6),Female Only
FY182,M,S93,Singapore,10PM to 12AM,A spontaneous social space; neither a study hall nor a regular site of activity.,"I don't prioritize cleanliness, unless it is getting out of hand.",No,No (Proceed to Question 6),No Preference
FY184,M,S20,Singapore,10PM to 12AM,"A calm environment where human traffic is limited during peak study hours, but more social and busy on weekends.","A small amount of mess is tolerable, but everyone should make the effort to clean up after themselves.",No,No (Proceed to Question 6),No Preference
FY185,F,S37,Singapore,12AM to 2AM,"A calm environment where human traffic is limited during peak study hours, but more social and busy on weekends.","A small amount of mess is tolerable, but everyone should make the effort to clean up after themselves.",No,No (Proceed to Question 6),Female Only
FY186,Female,S120,Singapore,10PM to 12AM,"A calm environment where human traffic is limited during peak study hours, but more social and busy on weekends.","Cleanliness is a top priority, and every member of the suite plays their part in sharing that responsibility.",No,No (Proceed to Question 6),Female Only
FY187,F,S65,Singapore,12AM to 2AM,A spontaneous social space; neither a study hall nor a regular site of activity.,"A small amount of mess is tolerable, but everyone should make the effort to clean up after themselves.",No,No (Proceed to Question 6),No Preference
FY188,F,S78,Singapore,12AM to 2AM,"A calm environment where human traffic is limited during peak study hours, but more social and busy on weekends.","A small amount of mess is tolerable, but everyone should make the effort to clean up after themselves.",Yes,No (Proceed to Question 6),No Preference
FY189,F,S37,Singapore,Before 10 PM,"A calm environment where human traffic is limited during peak study hours, but more social and busy on weekends.","A small amount of mess is tolerable, but everyone should make the effort to clean up after themselves.",Yes,No (Proceed to Question 6),Female Only
FY190,F,S82,Singapore,12AM to 2AM,"A calm environment where human traffic is limited during peak study hours, but more social and busy on weekends.","A small amount of mess is tolerable, but everyone should make the effort to clean up after themselves.",Yes,No (Proceed to Question 6),Female Only
FY191,Female,S79,Singapore,10PM to 12AM,"A calm environment where human traffic is limited during peak study hours, but more social and busy on weekends.","A small amount of mess is tolerable, but everyone should make the effort to clean up after themselves.",No,No (Proceed to Question 6),Female Only
FY192,F,S78,Singapore,10PM to 12AM,"A calm environment where human traffic is limited during peak study hours, but more social and busy on weekends.","Cleanliness is a top priority, and every member of the suite plays their part in sharing that responsibility.",No,No (Proceed to Question 6),No Preference
FY193,F,S74,Mongolia,10PM to 12AM,"A calm environment where human traffic is limited during peak study hours, but more social and busy on weekends.","A small amount of mess is tolerable, but everyone should make the effort to clean up after themselves.",No,No (Proceed to Question 6),Female Only
FY194,F,S73,United States,10PM to 12AM,"A calm environment where human traffic is limited during peak study hours, but more social and busy on weekends.","A small amount of mess is tolerable, but everyone should make the effort to clean up after themselves.",No,No (Proceed to Question 6),No Preference
FY195,F,S59,Japan,Before 10 PM,"A quiet zone used primarily for studying, resting, and sleeping.","Cleanliness is a top priority, and every member of the suite plays their part in sharing that responsibility.",Yes,No (Proceed to Question 6),Female Only
FY196,Female,S109,Singapore,10PM to 12AM,"A calm environment where human traffic is limited during peak study hours, but more social and busy on weekends.","A small amount of mess is tolerable, but everyone should make the effort to clean up after themselves.",No,Yes,Female Only
FY197,M,S35,Singapore,10PM to 12AM,A spontaneous social space; neither a study hall nor a regular site of activity.,"A small amount of mess is tolerable, but everyone should make the effort to clean up after themselves.",No,No (Proceed to Question 6),No Preference
FY198,M,S44,Singapore,12AM to 2AM,"A calm environment where human traffic is limited during peak study hours, but more social and busy on weekends.","Cleanliness is a top priority, and every member of the suite plays their part in sharing that responsibility.",No,No (Proceed to Question 6),No Preference
FY199,M,S68,Singapore,Before 10 PM,"A calm environment where human traffic is limited during peak study hours, but more social and busy on weekends.","Cleanliness is a top priority, and every member of the suite plays their part in sharing that responsibility.",No,No (Proceed to Question 6),No Preference
FY200,M,S68,Singapore,10PM to 12AM,"A calm environment where human traffic is limited during peak study hours, but more social and busy on weekends.","Cleanliness is a top priority, and every member of the suite plays their part in sharing that responsibility.",Yes,No (Proceed to Question 6),Male Only
FY201,M,S70,Singapore,10PM to 12AM,"A quiet zone used primarily for studying, resting, and sleeping.","Cleanliness is a top priority, and every member of the suite plays their part in sharing that responsibility.",No,No (Proceed to Question 6),Male Only
FY202,F,S119,Singapore,10PM to 12AM,"A calm environment where human traffic is limited during peak study hours, but more social and busy on weekends.","A small amount of mess is tolerable, but everyone should make the effort to clean up after themselves.",No,No (Proceed to Question 6),Female Only
FY203,F,S78,Singapore,12AM to 2AM,A spontaneous social space; neither a study hall nor a regular site of activity.,"A small amount of mess is tolerable, but everyone should make the effort to clean up after themselves.",No,No (Proceed to Question 6),No Preference
FY204,M,S78,Singapore,10PM to 12AM,"A calm environment where human traffic is limited during peak study hours, but more social and busy on weekends.","A small amount of mess is tolerable, but everyone should make the effort to clean up after themselves.",No,No (Proceed to Question 6),No Preference
FY205,M,S10,Singapore,Before 10 PM,"A calm environment where human traffic is limited during peak study hours, but more social and busy on weekends.","A small amount of mess is tolerable, but everyone should make the effort to clean up after themselves.",No,No (Proceed to Question 6),No Preference
FY206,F,S44,Singapore,12AM to 2AM,A spontaneous social space; neither a study hall nor a regular site of activity.,"A small amount of mess is tolerable, but everyone should make the effort to clean up after themselves.",No,No (Proceed to Question 6),Female Only
FY207,F,S123,Sri Lanka,10PM to 12AM,"A calm environment where human traffic is limited during peak study hours, but more social and busy on weekends.","A small amount of mess is tolerable, but everyone should make the effort to clean up after themselves.",No,No (Proceed to Question 6),No Preference
FY208,M,S84,Singapore,10PM to 12AM,A spontaneous social space; neither a study hall nor a regular site of activity.,"Cleanliness is a top priority, and every member of the suite plays their part in sharing that responsibility.",Yes,No (Proceed to Question 6),No Preference
FY209,M,S117,China,10PM to 12AM,A spontaneous social space; neither a study hall nor a regular site of activity.,"A small amount of mess is tolerable, but everyone should make the effort to clean up after themselves.",Yes,No (Proceed to Question 6),No Preference
FY210,F,S25,Zimbabwe,12AM to 2AM,"A calm environment where human traffic is limited during peak study hours, but more social and busy on weekends.","A small amount of mess is tolerable, but everyone should make the effort to clean up after themselves.",Yes,No (Proceed to Question 6),Female Only
FY213,F,S44,Singapore,Before 10 PM,"A quiet zone used primarily for studying, resting, and sleeping.","Cleanliness is a top priority, and every member of the suite plays their part in sharing that responsibility.",Yes,No (Proceed to Question 6),Female Only
FY214,M,S82,Singapore,Before 10 PM,"A calm environment where human traffic is limited during peak study hours, but more social and busy on weekends.","A small amount of mess is tolerable, but everyone should make the effort to clean up after themselves.",No,Yes,No Preference
FY215,Male,S120,Singapore,12AM to 2AM,A spontaneous social space; neither a study hall nor a regular site of activity.,"A small amount of mess is tolerable, but everyone should make the effort to clean up after themselves.",No,No (Proceed to Question 6),No Preference
FY218,M,S75,Singapore,10PM to 12AM,"A calm environment where human traffic is limited during peak study hours, but more social and busy on weekends.","Cleanliness is a top priority, and every member of the suite plays their part in sharing that responsibility.",No,No (Proceed to Question 6),Male Only
FY219,Female,S112,India,10PM to 12AM,"A calm environment where human traffic is limited during peak study hours, but more social and busy on weekends.","A small amount of mess is tolerable, but everyone should make the effort to clean up after themselves.",Yes,No (Proceed to Question 6),Female Only
FY220,F,S47,Malaysia,Before 10 PM,"A calm environment where human traffic is limited during peak study hours, but more social and busy on weekends.","Cleanliness is a top priority, and every member of the suite plays their part in sharing that responsibility.",Yes,No (Proceed to Question 6),Female Only
FY221,F,S10,Singapore,10PM to 12AM,"A calm environment where human traffic is limited during peak study hours, but more social and busy on weekends.","A small amount of mess is tolerable, but everyone should make the effort to clean up after themselves.",No,No (Proceed to Question 6),Female Only
FY222,Female,S120,Singapore,10PM to 12AM,"A calm environment where human traffic is limited during peak study hours, but more social and busy on weekends.","A small amount of mess is tolerable, but everyone should make the effort to clean up after themselves.",No,No (Proceed to Question 6),Female Only
FY223,M,S9,Singapore,10PM to 12AM,A spontaneous social space; neither a study hall nor a regular site of activity.,"A small amount of mess is tolerable, but everyone should make the effort to clean up after themselves.",No,No (Proceed to Question 6),No Preference
FY224,M,S78,Singapore,10PM to 12AM,"A vibrant, busy social hub where friends frequently visit; studying takes place outside the suite.","Cleanliness is a top priority, and every member of the suite plays their part in sharing that responsibility.",No,No (Proceed to Question 6),No Preference
FY225,M,S84,Singapore,10PM to 12AM,"A vibrant, busy social hub where friends frequently visit; studying takes place outside the suite.","A small amount of mess is tolerable, but everyone should make the effort to clean up after themselves.",No,No (Proceed to Question 6),No Preference
FY226,F,S44,Singapore,10PM to 12AM,"A calm environment where human traffic is limited during peak study hours, but more social and busy on weekends.","A small amount of mess is tolerable, but everyone should make the effort to clean up after themselves.",No,No (Proceed to Question 6),Female Only
FY227,M,S82,Singapore,12AM to 2AM,"A calm environment where human traffic is limited during peak study hours, but more social and busy on weekends.","A small amount of mess is tolerable, but everyone should make the effort to clean up after themselves.",No,No (Proceed to Question 6),No Preference
FY230,F,S23,United States,12AM to 2AM,"A calm environment where human traffic is limited during peak study hours, but more social and busy on weekends.","Cleanliness is a top priority, and every member of the suite plays their part in sharing that responsibility.",No,Yes,Female Only
FY231,M,S44,Singapore,10PM to 12AM,"A quiet zone used primarily for studying, resting, and sleeping.","A small amount of mess is tolerable, but everyone should make the effort to clean up after themselves.",Yes,No (Proceed to Question 6),No Preference
FY232,F,S61,Australia,10PM to 12AM,"A quiet zone used primarily for studying, resting, and sleeping.","Cleanliness is a top priority, and every member of the suite plays their part in sharing that responsibility.",Yes,No (Proceed to Question 6),Female Only
FY234,F,S80,Singapore,10PM to 12AM,"A calm environment where human traffic is limited during peak study hours, but more social and busy on weekends.","A small amount of mess is tolerable, but everyone should make the effort to clean up after themselves.",No,No (Proceed to Question 6),Female Only
FY235,F,S34,Singapore,10PM to 12AM,"A calm environment where human traffic is limited during peak study hours, but more social and busy on weekends.","A small amount of mess is tolerable, but everyone should make the effort to clean up after themselves.",No,No (Proceed to Question 6),Female Only
FY236,F,S88,Singapore,10PM to 12AM,"A calm environment where human traffic is limited during peak study hours, but more social and busy on weekends.","Cleanliness is a top priority, and every member of the suite plays their part in sharing that responsibility.",No,No (Proceed to Question 6),Female Only
FY237,M,S90,China,Before 10 PM,"A calm environment where human traffic is limited during peak study hours, but more social and busy on weekends.","A small amount of mess is tolerable, but everyone should make the effort to clean up after themselves.",Yes,No (Proceed to Question 6),Male Only
FY238,F,S90,China,10PM to 12AM,"A calm environment where human traffic is limited during peak study hours, but more social and busy on weekends.","A small amount of mess is tolerable, but everyone should make the effort to clean up after themselves.",Yes,No (Proceed to Question 6),Female Only
FY239,F,S13,Philippines,10PM to 12AM,"A calm environment where human traffic is limited during peak study hours, but more social and busy on weekends.","A small amount of mess is tolerable, but everyone should make the effort to clean up after themselves.",Yes,No (Proceed to Question 6),Female Only
FY240,M,S78,China,10PM to 12AM,"A calm environment where human traffic is limited during peak study hours, but more social and busy on weekends.","A small amount of mess is tolerable, but everyone should make the effort to clean up after themselves.",No,No (Proceed to Question 6),Male Only
FY241,M,S43,China,10PM to 12AM,"A quiet zone used primarily for studying, resting, and sleeping.","Cleanliness is a top priority, and every member of the suite plays their part in sharing that responsibility.",Yes,No (Proceed to Question 6),Male Only
FY242,F,S97,Singapore,Before 10 PM,"A calm environment where human traffic is limited during peak study hours, but more social and busy on weekends.","A small amount of mess is tolerable, but everyone should make the effort to clean up after themselves.",No,No (Proceed to Question 6),Female Only
